timestamp,strategy,reason,count
2026-10-07T23:09:56+00:00,buy_all_no,LESS_THAN_2_LEGS_WITH_BID,120
2026-10-07T23:09:56+00:00,buy_all_no,LESS_THAN_2_OPEN_LEGS,13
2026-10-07T23:09:56+00:00,buy_all_no,LOW_VOLUME,3802
2026-10-07T23:09:56+00:00,buy_all_no,NOT_MUTUALLY_EXCLUSIVE,8449
2026-10-07T23:09:56+00:00,buy_all_no,NO_POSITIVE_MARGINAL_EDGE,150
2026-10-07T23:09:56+00:00,buy_all_no,OVER_CANDIDATE_CAP,460
2026-10-07T23:09:56+00:00,buy_all_no,PRELIM_GROSS_TOO_LOW,729
2026-10-07T23:27:28+00:00,buy_all_no,ALREADY_DETERMINED,1
2026-10-07T23:27:28+00:00,buy_all_no,LESS_THAN_2_LEGS_WITH_BID,118
2026-10-07T23:27:28+00:00,buy_all_no,LESS_THAN_2_OPEN_LEGS,13
2026-10-07T23:27:28+00:00,buy_all_no,LOW_VOLUME,3808
2026-10-07T23:27:28+00:00,buy_all_no,NOT_MUTUALLY_EXCLUSIVE,8444
2026-10-07T23:27:28+00:00,buy_all_no,NO_POSITIVE_MARGINAL_EDGE,150
2026-10-07T23:27:28+00:00,buy_all_no,OVER_CANDIDATE_CAP,465
2026-10-07T23:27:28+00:00,buy_all_no,PRELIM_GROSS_TOO_LOW,734
2026-10-07T23:43:57+00:00,buy_all_no,LESS_THAN_2_LEGS_WITH_BID,120
2026-10-07T23:43:57+00:00,buy_all_no,LESS_THAN_2_OPEN_LEGS,13
2026-10-07T23:43:57+00:00,buy_all_no,LOW_VOLUME,3807
2026-10-07T23:43:57+00:00,buy_all_no,NOT_MUTUALLY_EXCLUSIVE,8445
2026-10-07T23:43:57+00:00,buy_all_no,NO_POSITIVE_MARGINAL_EDGE,150
2026-10-07T23:43:57+00:00,buy_all_no,OVER_CANDIDATE_CAP,471
2026-10-07T23:43:57+00:00,buy_all_no,PRELIM_GROSS_TOO_LOW,735
2026-10-07T23:56:24+00:00,buy_all_no,LESS_THAN_2_LEGS_WITH_BID,127
2026-10-07T23:56:24+00:00,buy_all_no,LESS_THAN_2_OPEN_LEGS,13
2026-10-07T23:56:24+00:00,buy_all_no,LOW_VOLUME,3800
2026-10-07T23:56:24+00:00,buy_all_no,NOT_MUTUALLY_EXCLUSIVE,8441
2026-10-07T23:56:24+00:00,buy_all_no,NO_POSITIVE_MARGINAL_EDGE,150
2026-10-07T23:56:24+00:00,buy_all_no,OVER_CANDIDATE_CAP,467
2026-10-07T23:56:24+00:00,buy_all_no,PRELIM_GROSS_TOO_LOW,739
2026-10-08T00:16:56+00:00,buy_all_no,LESS_THAN_2_LEGS_WITH_BID,128
2026-10-08T00:16:56+00:00,buy_all_no,LESS_THAN_2_OPEN_LEGS,13
2026-10-08T00:16:56+00:00,buy_all_no,LOW_VOLUME,3895
2026-10-08T00:16:56+00:00,buy_all_no,NOT_MUTUALLY_EXCLUSIVE,8494
2026-10-08T00:16:56+00:00,buy_all_no,NO_POSITIVE_MARGINAL_EDGE,150
2026-10-08T00:16:56+00:00,buy_all_no,OVER_CANDIDATE_CAP,468
2026-10-08T00:16:56+00:00,buy_all_no,PRELIM_GROSS_TOO_LOW,749
2026-10-08T00:53:33+00:00,buy_all_no,LESS_THAN_2_LEGS_WITH_BID,141
2026-10-08T00:53:33+00:00,buy_all_no,LESS_THAN_2_OPEN_LEGS,13
2026-10-08T00:53:33+00:00,buy_all_no,LOW_VOLUME,4046
2026-10-08T00:53:33+00:00,buy_all_no,NOT_MUTUALLY_EXCLUSIVE,8524
2026-10-08T00:53:33+00:00,buy_all_no,NO_POSITIVE_MARGINAL_EDGE,150
2026-10-08T00:53:33+00:00,buy_all_no,OVER_CANDIDATE_CAP,465
2026-10-08T00:53:33+00:00,buy_all_no,PRELIM_GROSS_TOO_LOW,751
2026-10-08T01:14:34+00:00,buy_all_no,LESS_THAN_2_LEGS_WITH_BID,145
2026-10-08T01:14:34+00:00,buy_all_no,LESS_THAN_2_OPEN_LEGS,13
2026-10-08T01:14:34+00:00,buy_all_no,LOW_VOLUME,4063
2026-10-08T01:14:34+00:00,buy_all_no,NOT_MUTUALLY_EXCLUSIVE,8587
2026-10-08T01:14:34+00:00,buy_all_no,NO_POSITIVE_MARGINAL_EDGE,150
2026-10-08T01:14:34+00:00,buy_all_no,OVER_CANDIDATE_CAP,483
2026-10-08T01:14:34+00:00,buy_all_no,PRELIM_GROSS_TOO_LOW,733
2026-10-08T01:34:59+00:00,buy_all_no,ALREADY_DETERMINED,1
2026-10-08T01:34:59+00:00,buy_all_no,LESS_THAN_2_LEGS_WITH_BID,148
2026-10-08T01:34:59+00:00,buy_all_no,LESS_THAN_2_OPEN_LEGS,13
2026-10-08T01:34:59+00:00,buy_all_no,LOW_VOLUME,3993
2026-10-08T01:34:59+00:00,buy_all_no,NOT_MUTUALLY_EXCLUSIVE,8577
2026-10-08T01:34:59+00:00,buy_all_no,NO_POSITIVE_MARGINAL_EDGE,150
2026-10-08T01:34:59+00:00,buy_all_no,OVER_CANDIDATE_CAP,489
2026-10-08T01:34:59+00:00,buy_all_no,PRELIM_GROSS_TOO_LOW,730
2026-10-08T01:58:20+00:00,buy_all_no,LESS_THAN_2_LEGS_WITH_BID,155
2026-10-08T01:58:20+00:00,buy_all_no,LESS_THAN_2_OPEN_LEGS,13
2026-10-08T01:58:20+00:00,buy_all_no,LOW_VOLUME,3996
2026-10-08T01:58:20+00:00,buy_all_no,NOT_MUTUALLY_EXCLUSIVE,8568
2026-10-08T01:58:20+00:00,buy_all_no,NO_POSITIVE_MARGINAL_EDGE,150
2026-10-08T01:58:20+00:00,buy_all_no,OVER_CANDIDATE_CAP,477
2026-10-08T01:58:20+00:00,buy_all_no,PRELIM_GROSS_TOO_LOW,737
2026-10-08T02:16:03+00:00,buy_all_no,LESS_THAN_2_LEGS_WITH_BID,154
2026-10-08T02:16:03+00:00,buy_all_no,LESS_THAN_2_OPEN_LEGS,13
2026-10-08T02:16:03+00:00,buy_all_no,LOW_VOLUME,3976
2026-10-08T02:16:03+00:00,buy_all_no,NOT_MUTUALLY_EXCLUSIVE,8581
2026-10-08T02:16:03+00:00,buy_all_no,NO_POSITIVE_MARGINAL_EDGE,150
2026-10-08T02:16:03+00:00,buy_all_no,OVER_CANDIDATE_CAP,480
2026-10-08T02:16:03+00:00,buy_all_no,PRELIM_GROSS_TOO_LOW,751
2026-10-08T02:33:39+00:00,buy_all_no,LESS_THAN_2_LEGS_WITH_BID,164
2026-10-08T02:33:39+00:00,buy_all_no,LESS_THAN_2_OPEN_LEGS,13
2026-10-08T02:33:39+00:00,buy_all_no,LOW_VOLUME,3968
2026-10-08T02:33:39+00:00,buy_all_no,NOT_MUTUALLY_EXCLUSIVE,8575
2026-10-08T02:33:39+00:00,buy_all_no,NO_POSITIVE_MARGINAL_EDGE,150
2026-10-08T02:33:39+00:00,buy_all_no,OVER_CANDIDATE_CAP,495
2026-10-08T02:33:39+00:00,buy_all_no,PRELIM_GROSS_TOO_LOW,734
2026-10-08T02:56:55+00:00,buy_all_no,LESS_THAN_2_LEGS_WITH_BID,159
2026-10-08T02:56:55+00:00,buy_all_no,LESS_THAN_2_OPEN_LEGS,13
2026-10-08T02:56:55+00:00,buy_all_no,LOW_VOLUME,3960
2026-10-08T02:56:55+00:00,buy_all_no,NOT_MUTUALLY_EXCLUSIVE,8550
2026-10-08T02:56:55+00:00,buy_all_no,NO_POSITIVE_MARGINAL_EDGE,150
2026-10-08T02:56:55+00:00,buy_all_no,OVER_CANDIDATE_CAP,500
2026-10-08T02:56:55+00:00,buy_all_no,PRELIM_GROSS_TOO_LOW,733
2026-10-08T03:13:14+00:00,buy_all_no,LESS_THAN_2_LEGS_WITH_BID,161
2026-10-08T03:13:14+00:00,buy_all_no,LESS_THAN_2_OPEN_LEGS,13
2026-10-08T03:13:14+00:00,buy_all_no,LOW_VOLUME,3958
2026-10-08T03:13:14+00:00,buy_all_no,NOT_MUTUALLY_EXCLUSIVE,8564
2026-10-08T03:13:14+00:00,buy_all_no,NO_POSITIVE_MARGINAL_EDGE,150
2026-10-08T03:13:14+00:00,buy_all_no,OVER_CANDIDATE_CAP,489
2026-10-08T03:13:14+00:00,buy_all_no,PRELIM_GROSS_TOO_LOW,750
2026-10-08T03:34:17+00:00,buy_all_no,LESS_THAN_2_LEGS_WITH_BID,145
2026-10-08T03:34:17+00:00,buy_all_no,LESS_THAN_2_OPEN_LEGS,13
2026-10-08T03:34:17+00:00,buy_all_no,LOW_VOLUME,3970
2026-10-08T03:34:17+00:00,buy_all_no,NOT_MUTUALLY_EXCLUSIVE,8542
2026-10-08T03:34:17+00:00,buy_all_no,NO_POSITIVE_MARGINAL_EDGE,150
2026-10-08T03:34:17+00:00,buy_all_no,OVER_CANDIDATE_CAP,483
2026-10-08T03:34:17+00:00,buy_all_no,PRELIM_GROSS_TOO_LOW,754
2026-10-08T03:58:53+00:00,buy_all_no,LESS_THAN_2_LEGS_WITH_BID,162
2026-10-08T03:58:53+00:00,buy_all_no,LESS_THAN_2_OPEN_LEGS,14
2026-10-08T03:58:53+00:00,buy_all_no,LOW_VOLUME,3956
2026-10-08T03:58:53+00:00,buy_all_no,NOT_MUTUALLY_EXCLUSIVE,8537
2026-10-08T03:58:53+00:00,buy_all_no,NO_POSITIVE_MARGINAL_EDGE,150
2026-10-08T03:58:53+00:00,buy_all_no,OVER_CANDIDATE_CAP,488
2026-10-08T03:58:53+00:00,buy_all_no,PRELIM_GROSS_TOO_LOW,740
2026-10-08T04:18:43+00:00,buy_all_no,LESS_THAN_2_LEGS_WITH_BID,157
2026-10-08T04:18:43+00:00,buy_all_no,LESS_THAN_2_OPEN_LEGS,13
2026-10-08T04:18:43+00:00,buy_all_no,LOW_VOLUME,4045
2026-10-08T04:18:43+00:00,buy_all_no,NOT_MUTUALLY_EXCLUSIVE,8451
2026-10-08T04:18:43+00:00,buy_all_no,NO_POSITIVE_MARGINAL_EDGE,149
2026-10-08T04:18:43+00:00,buy_all_no,OVER_CANDIDATE_CAP,473
2026-10-08T04:18:43+00:00,buy_all_no,PRELIM_GROSS_TOO_LOW,750
2026-10-08T04:18:43+00:00,buy_all_no,TIMEOUT,1
2026-10-08T04:46:13+00:00,buy_all_no,LESS_THAN_2_LEGS_WITH_BID,154
2026-10-08T04:46:13+00:00,buy_all_no,LESS_THAN_2_OPEN_LEGS,13
2026-10-08T04:46:13+00:00,buy_all_no,LOW_VOLUME,4103
2026-10-08T04:46:13+00:00,buy_all_no,NOT_MUTUALLY_EXCLUSIVE,8478
2026-10-08T04:46:13+00:00,buy_all_no,NO_POSITIVE_MARGINAL_EDGE,150
2026-10-08T04:46:13+00:00,buy_all_no,OVER_CANDIDATE_CAP,486
2026-10-08T04:46:13+00:00,buy_all_no,PRELIM_GROSS_TOO_LOW,759
2026-10-08T05:01:47+00:00,buy_all_no,LESS_THAN_2_LEGS_WITH_BID,129
2026-10-08T05:01:47+00:00,buy_all_no,LESS_THAN_2_OPEN_LEGS,13
2026-10-08T05:01:47+00:00,buy_all_no,LOW_VOLUME,4099
2026-10-08T05:01:47+00:00,buy_all_no,NOT_MUTUALLY_EXCLUSIVE,8468
2026-10-08T05:01:47+00:00,buy_all_no,NO_POSITIVE_MARGINAL_EDGE,150
2026-10-08T05:01:47+00:00,buy_all_no,OVER_CANDIDATE_CAP,485
2026-10-08T05:01:47+00:00,buy_all_no,PRELIM_GROSS_TOO_LOW,756
2026-10-08T05:31:27+00:00,buy_all_no,ALREADY_DETERMINED,5
2026-10-08T05:31:27+00:00,buy_all_no,LESS_THAN_2_LEGS_WITH_BID,121
2026-10-08T05:31:27+00:00,buy_all_no,LESS_THAN_2_OPEN_LEGS,13
2026-10-08T05:31:27+00:00,buy_all_no,LOW_VOLUME,4078
2026-10-08T05:31:27+00:00,buy_all_no,NOT_MUTUALLY_EXCLUSIVE,8486
2026-10-08T05:31:27+00:00,buy_all_no,NO_POSITIVE_MARGINAL_EDGE,150
2026-10-08T05:31:27+00:00,buy_all_no,OVER_CANDIDATE_CAP,508
2026-10-08T05:31:27+00:00,buy_all_no,PRELIM_GROSS_TOO_LOW,749
2026-10-08T05:58:13+00:00,buy_all_no,LESS_THAN_2_LEGS_IN_BOOK,1
2026-10-08T05:58:13+00:00,buy_all_no,LESS_THAN_2_LEGS_WITH_BID,121
2026-10-08T05:58:13+00:00,buy_all_no,LESS_THAN_2_OPEN_LEGS,13
2026-10-08T05:58:13+00:00,buy_all_no,LOW_VOLUME,4076
2026-10-08T05:58:13+00:00,buy_all_no,NOT_MUTUALLY_EXCLUSIVE,8481
2026-10-08T05:58:13+00:00,buy_all_no,NO_POSITIVE_MARGINAL_EDGE,149
2026-10-08T05:58:13+00:00,buy_all_no,OVER_CANDIDATE_CAP,509
2026-10-08T05:58:13+00:00,buy_all_no,PRELIM_GROSS_TOO_LOW,758
2026-10-08T06:21:19+00:00,buy_all_no,ALREADY_DETERMINED,1
2026-10-08T06:21:19+00:00,buy_all_no,LESS_THAN_2_LEGS_WITH_BID,109
2026-10-08T06:21:19+00:00,buy_all_no,LESS_THAN_2_OPEN_LEGS,14
2026-10-08T06:21:19+00:00,buy_all_no,LOW_VOLUME,4064
2026-10-08T06:21:19+00:00,buy_all_no,NOT_MUTUALLY_EXCLUSIVE,8481
2026-10-08T06:21:19+00:00,buy_all_no,NO_POSITIVE_MARGINAL_EDGE,150
2026-10-08T06:21:19+00:00,buy_all_no,OVER_CANDIDATE_CAP,504
2026-10-08T06:21:19+00:00,buy_all_no,PRELIM_GROSS_TOO_LOW,760
2026-10-08T06:52:17+00:00,buy_all_no,LESS_THAN_2_LEGS_WITH_BID,113
2026-10-08T06:52:17+00:00,buy_all_no,LESS_THAN_2_OPEN_LEGS,13
2026-10-08T06:52:17+00:00,buy_all_no,LOW_VOLUME,4052
2026-10-08T06:52:17+00:00,buy_all_no,NOT_MUTUALLY_EXCLUSIVE,8477
2026-10-08T06:52:17+00:00,buy_all_no,NO_POSITIVE_MARGINAL_EDGE,150
2026-10-08T06:52:17+00:00,buy_all_no,OVER_CANDIDATE_CAP,499
2026-10-08T06:52:17+00:00,buy_all_no,PRELIM_GROSS_TOO_LOW,771
2026-10-08T07:15:17+00:00,buy_all_no,LESS_THAN_2_LEGS_WITH_BID,149
2026-10-08T07:15:17+00:00,buy_all_no,LESS_THAN_2_OPEN_LEGS,13
2026-10-08T07:15:17+00:00,buy_all_no,LOW_VOLUME,4051
2026-10-08T07:15:17+00:00,buy_all_no,NOT_MUTUALLY_EXCLUSIVE,8445
2026-10-08T07:15:17+00:00,buy_all_no,NO_POSITIVE_MARGINAL_EDGE,150
2026-10-08T07:15:17+00:00,buy_all_no,OVER_CANDIDATE_CAP,257
2026-10-08T07:15:17+00:00,buy_all_no,PRELIM_GROSS_TOO_LOW,970
2026-10-08T07:38:37+00:00,buy_all_no,LESS_THAN_2_LEGS_WITH_BID,156
2026-10-08T07:38:37+00:00,buy_all_no,LESS_THAN_2_OPEN_LEGS,13
2026-10-08T07:38:37+00:00,buy_all_no,LOW_VOLUME,4054
2026-10-08T07:38:37+00:00,buy_all_no,NOT_MUTUALLY_EXCLUSIVE,8445
2026-10-08T07:38:37+00:00,buy_all_no,NO_POSITIVE_MARGINAL_EDGE,150
2026-10-08T07:38:37+00:00,buy_all_no,OVER_CANDIDATE_CAP,214
2026-10-08T07:38:37+00:00,buy_all_no,PRELIM_GROSS_TOO_LOW,1003
2026-10-08T07:59:05+00:00,buy_all_no,LESS_THAN_2_LEGS_WITH_BID,158
2026-10-08T07:59:05+00:00,buy_all_no,LESS_THAN_2_OPEN_LEGS,13
2026-10-08T07:59:05+00:00,buy_all_no,LOW_VOLUME,4055
2026-10-08T07:59:05+00:00,buy_all_no,NOT_MUTUALLY_EXCLUSIVE,8445
2026-10-08T07:59:05+00:00,buy_all_no,NO_POSITIVE_MARGINAL_EDGE,150
2026-10-08T07:59:05+00:00,buy_all_no,OVER_CANDIDATE_CAP,197
2026-10-08T07:59:05+00:00,buy_all_no,PRELIM_GROSS_TOO_LOW,1017
2026-10-08T08:20:50+00:00,buy_all_no,LESS_THAN_2_LEGS_WITH_BID,150
2026-10-08T08:20:50+00:00,buy_all_no,LESS_THAN_2_OPEN_LEGS,13
2026-10-08T08:20:50+00:00,buy_all_no,LOW_VOLUME,4058
2026-10-08T08:20:50+00:00,buy_all_no,NOT_MUTUALLY_EXCLUSIVE,8444
2026-10-08T08:20:50+00:00,buy_all_no,NO_POSITIVE_MARGINAL_EDGE,150
2026-10-08T08:20:50+00:00,buy_all_no,OVER_CANDIDATE_CAP,184
2026-10-08T08:20:50+00:00,buy_all_no,PRELIM_GROSS_TOO_LOW,1025
2026-10-08T08:46:30+00:00,buy_all_no,LESS_THAN_2_LEGS_WITH_BID,154
2026-10-08T08:46:30+00:00,buy_all_no,LESS_THAN_2_OPEN_LEGS,13
2026-10-08T08:46:30+00:00,buy_all_no,LOW_VOLUME,4061
2026-10-08T08:46:30+00:00,buy_all_no,NOT_MUTUALLY_EXCLUSIVE,8444
2026-10-08T08:46:30+00:00,buy_all_no,NO_POSITIVE_MARGINAL_EDGE,150
2026-10-08T08:46:30+00:00,buy_all_no,OVER_CANDIDATE_CAP,182
2026-10-08T08:46:30+00:00,buy_all_no,PRELIM_GROSS_TOO_LOW,1020
2026-10-08T09:14:04+00:00,buy_all_no,LESS_THAN_2_LEGS_WITH_BID,113
2026-10-08T09:14:04+00:00,buy_all_no,LESS_THAN_2_OPEN_LEGS,13
2026-10-08T09:14:04+00:00,buy_all_no,LOW_VOLUME,4025
2026-10-08T09:14:04+00:00,buy_all_no,NOT_MUTUALLY_EXCLUSIVE,8493
2026-10-08T09:14:04+00:00,buy_all_no,NO_POSITIVE_MARGINAL_EDGE,150
2026-10-08T09:14:04+00:00,buy_all_no,OVER_CANDIDATE_CAP,366
2026-10-08T09:14:04+00:00,buy_all_no,PRELIM_GROSS_TOO_LOW,859
2026-10-08T09:35:45+00:00,buy_all_no,LESS_THAN_2_LEGS_WITH_BID,111
2026-10-08T09:35:45+00:00,buy_all_no,LESS_THAN_2_OPEN_LEGS,15
2026-10-08T09:35:45+00:00,buy_all_no,LOW_VOLUME,4017
2026-10-08T09:35:45+00:00,buy_all_no,NOT_MUTUALLY_EXCLUSIVE,8500
2026-10-08T09:35:45+00:00,buy_all_no,NO_POSITIVE_MARGINAL_EDGE,150
2026-10-08T09:35:45+00:00,buy_all_no,OVER_CANDIDATE_CAP,413
2026-10-08T09:35:45+00:00,buy_all_no,PRELIM_GROSS_TOO_LOW,821
