timestamp,event_ticker,ask_sum,n_legs,contracts_evaluated,est_fees,est_net,depth_top,depth_with_edge,executable,reason
2026-10-07T17:47:05+00:00,KXNFL2H-26OCT08TBDAL,1.0,3,1,0.05,-0.053,450.0,0.0,False,NO_POSITIVE_MARGINAL_EDGE
2026-10-07T17:47:05+00:00,KXDIMAYORGAME-26OCT07CANTOL,1.0,3,1,0.05,-0.053,724.24,0.0,False,NO_POSITIVE_MARGINAL_EDGE
2026-10-07T17:47:05+00:00,KXNFL1H-26OCT08TBDAL,1.0,3,1,0.05,-0.053,1379.78,0.0,False,NO_POSITIVE_MARGINAL_EDGE
2026-10-07T17:47:05+00:00,KXLIGAMXGAME-26OCT10JUATIJ,1.0,3,1,0.06,-0.063,311.0,0.0,False,NO_POSITIVE_MARGINAL_EDGE
2026-10-07T17:47:05+00:00,KXMLBF5-26OCT072200MILSD,1.0,3,1,0.05,-0.053,1083.87,0.0,False,NO_POSITIVE_MARGINAL_EDGE
2026-10-07T17:47:05+00:00,KXVLEAGUE1GAME-26OCT08VIEHON,1.0,3,1,0.05,-0.053,457.66,0.0,False,NO_POSITIVE_MARGINAL_EDGE
2026-10-07T17:47:05+00:00,KXWNBA1HWINNER-26OCT07NYATL,1.0,3,1,0.05,-0.053,327.0,0.0,False,NO_POSITIVE_MARGINAL_EDGE
2026-10-07T17:47:05+00:00,KXLALIGAGAME-26OCT11RSODEP,1.01,3,1,0.06,-0.073,5.42,0.0,False,NO_POSITIVE_MARGINAL_EDGE
2026-10-07T17:47:05+00:00,KXUCLGAME-26OCT13ARSLIL,1.01,3,1,0.04,-0.053,6689.7,0.0,False,NO_POSITIVE_MARGINAL_EDGE
2026-10-07T17:47:05+00:00,KXEPLGAME-26OCT11CRYNFO,1.01,3,1,0.06,-0.073,83.41,0.0,False,NO_POSITIVE_MARGINAL_EDGE
2026-10-07T17:47:05+00:00,KXUCLGAME-26OCT14BOGBVB,1.01,3,1,0.06,-0.073,253.73,0.0,False,NO_POSITIVE_MARGINAL_EDGE
2026-10-07T17:47:05+00:00,KXSERIEAGAME-26OCT11COMROM,1.01,3,1,0.06,-0.073,46.62,0.0,False,NO_POSITIVE_MARGINAL_EDGE
2026-10-07T17:47:05+00:00,KXSERIEAGAME-26OCT11SASACM,1.01,3,1,0.06,-0.073,2463.19,0.0,False,NO_POSITIVE_MARGINAL_EDGE
2026-10-07T17:47:05+00:00,KXARGPREMDIVGAME-26OCT10RIVRCU,1.01,3,1,0.04,-0.053,662.0,0.0,False,NO_POSITIVE_MARGINAL_EDGE
2026-10-07T17:47:05+00:00,KXNFLWINMARGIN-26OCT08TBDAL,0.99,7,1,0.09,-0.087,116.0,0.0,False,NO_POSITIVE_MARGINAL_EDGE
2026-10-07T17:47:05+00:00,KXEPLGAME-26OCT17MCIIPS,1.01,3,1,0.04,-0.053,91.82,0.0,False,NO_POSITIVE_MARGINAL_EDGE
2026-10-07T17:47:05+00:00,KXSERIEAGAME-26OCT10NAPFRO,1.01,3,1,0.05,-0.063,557.17,0.0,False,NO_POSITIVE_MARGINAL_EDGE
2026-10-07T17:47:05+00:00,KXBUNDESLIGAGAME-26OCT10PADVFB,1.01,3,1,0.06,-0.073,174.5,0.0,False,NO_POSITIVE_MARGINAL_EDGE
2026-10-07T17:47:05+00:00,KXELITESERIENGAME-26OCT10BOGKBK,1.01,3,1,0.03,-0.043,200.0,0.0,False,NO_POSITIVE_MARGINAL_EDGE
2026-10-07T17:47:05+00:00,KXLIGUE1GAME-26OCT10PSGMAN,1.01,3,1,0.03,-0.043,352.22,0.0,False,NO_POSITIVE_MARGINAL_EDGE
2026-10-07T17:47:05+00:00,KXEFLCHAMPIONSHIPGAME-26OCT10DERWRE,1.01,3,1,0.06,-0.073,420.67,0.0,False,NO_POSITIVE_MARGINAL_EDGE
2026-10-07T17:47:05+00:00,KXSUPERLIGGAME-26OCT10SAMTRA,1.01,3,1,0.06,-0.073,0.02,0.0,False,NO_POSITIVE_MARGINAL_EDGE
2026-10-07T17:47:05+00:00,KXARGPREMDIVGAME-26OCT09IACCBOC,1.01,3,1,0.06,-0.073,363.0,0.0,False,NO_POSITIVE_MARGINAL_EDGE
2026-10-07T17:47:05+00:00,KXMLSGAME-26OCT10CHINYC,1.01,3,1,0.06,-0.073,418.0,0.0,False,NO_POSITIVE_MARGINAL_EDGE
2026-10-07T17:47:05+00:00,KXBUNDESLIGA2GAME-26OCT09FCHFCK,1.01,3,1,0.06,-0.073,0.02,0.0,False,NO_POSITIVE_MARGINAL_EDGE
2026-10-07T17:47:05+00:00,KXEFLCHAMPIONSHIPGAME-26OCT10SWANOR,1.01,3,1,0.06,-0.073,23.73,0.0,False,NO_POSITIVE_MARGINAL_EDGE
2026-10-07T17:47:05+00:00,KXEREDIVISIEGAME-26OCT09PSVHEE,1.01,3,1,0.04,-0.053,0.08,0.0,False,NO_POSITIVE_MARGINAL_EDGE
2026-10-07T17:47:05+00:00,KXSAUDIPLGAME-26OCT09AKHQAD,1.01,3,1,0.06,-0.073,27.0,0.0,False,NO_POSITIVE_MARGINAL_EDGE
2026-10-07T17:47:05+00:00,KXJLEAGUEGAME-26OCT09REYVIK,1.01,3,1,0.06,-0.073,264.01,0.0,False,NO_POSITIVE_MARGINAL_EDGE
2026-10-07T17:47:05+00:00,KXSUPERLIGGAME-26OCT09GALKAS,1.01,3,1,0.04,-0.053,363.0,0.0,False,NO_POSITIVE_MARGINAL_EDGE
2026-10-07T17:47:05+00:00,KXFIFAWGAME-26OCT09BLRITA,1.01,3,1,0.03,-0.043,1.0,0.0,False,NO_POSITIVE_MARGINAL_EDGE
2026-10-07T17:47:05+00:00,KXLIGAEXPGAME-26OCT08ADOCOR,1.01,3,1,0.06,-0.073,534.0,0.0,False,NO_POSITIVE_MARGINAL_EDGE
2026-10-07T17:47:05+00:00,KXBRASILEIROBGAME-26OCT08CEACRI,1.01,3,1,0.06,-0.073,363.0,0.0,False,NO_POSITIVE_MARGINAL_EDGE
2026-10-07T17:47:05+00:00,KXBRASILEIROGAME-26OCT08CAPATL,1.01,3,1,0.06,-0.073,240.63,0.0,False,NO_POSITIVE_MARGINAL_EDGE
2026-10-07T17:47:05+00:00,KXWNBA1HWINNER-26OCT07LVGS,1.01,3,1,0.05,-0.063,524.0,0.0,False,NO_POSITIVE_MARGINAL_EDGE
2026-10-07T17:47:05+00:00,KXBRASILEIROGAME-26OCT07CRUSPA,1.01,3,1,0.06,-0.073,4556.36,0.0,False,NO_POSITIVE_MARGINAL_EDGE
2026-10-07T17:47:05+00:00,KXCRITICSSCORE-27,0.97,16,1,0.17,-0.156,1.0,0.0,False,NO_POSITIVE_MARGINAL_EDGE
2026-10-07T17:47:05+00:00,KXBRASILEIROBGAME-26OCT07AMGFOR,1.01,3,1,0.06,-0.073,481.38,0.0,False,NO_POSITIVE_MARGINAL_EDGE
2026-10-07T17:47:05+00:00,KXBRASILEIROGAME-26OCT07CRGPA,1.01,3,1,0.06,-0.073,447.23,0.0,False,NO_POSITIVE_MARGINAL_EDGE
2026-10-07T17:47:05+00:00,KXBRASILEIROGAME-26OCT07RBBMIR,1.01,3,1,0.06,-0.073,139.37,0.0,False,NO_POSITIVE_MARGINAL_EDGE
2026-10-07T17:47:05+00:00,KXBRASILEIROGAME-26OCT07INTCOR,1.01,3,1,0.06,-0.073,18.99,0.0,False,NO_POSITIVE_MARGINAL_EDGE
2026-10-07T17:47:05+00:00,KXPERLIGA1GAME-26OCT08CAGCHA,1.01,3,1,0.06,-0.073,130.71,0.0,False,NO_POSITIVE_MARGINAL_EDGE
2026-10-07T17:47:05+00:00,KXMLBF3-26OCT071600CLECWS,1.01,3,1,0.06,-0.073,1625.2,0.0,False,NO_POSITIVE_MARGINAL_EDGE
2026-10-07T17:47:05+00:00,KXBRASILEIROBGAME-26OCT07AVALON,1.01,3,1,0.06,-0.073,550.57,0.0,False,NO_POSITIVE_MARGINAL_EDGE
2026-10-07T17:47:05+00:00,KXMLBINNINGWIN-26OCT071800LADATL-1,1.01,3,1,0.06,-0.073,8.97,0.0,False,NO_POSITIVE_MARGINAL_EDGE
2026-10-07T17:47:05+00:00,KXBRASILEIROGAME-26OCT07BOTVDG,1.015,3,1,0.06,-0.078,1091.02,0.0,False,NO_POSITIVE_MARGINAL_EDGE
2026-10-07T17:47:05+00:00,KXBRASILEIROGAME-26OCT08PALBAH,1.015,3,1,0.05,-0.068,4035.9,0.0,False,NO_POSITIVE_MARGINAL_EDGE
2026-10-07T17:47:05+00:00,KXEPLGAME-26OCT18NFOARS,1.02,3,1,0.05,-0.073,82.65,0.0,False,NO_POSITIVE_MARGINAL_EDGE
2026-10-07T17:47:05+00:00,KXBRASILEIROGAME-26OCT08SANFLA,1.015,3,1,0.06,-0.078,516.3,0.0,False,NO_POSITIVE_MARGINAL_EDGE
2026-10-07T17:47:05+00:00,KXUECLGAME-26OCT15BRIKAZ,1.02,3,1,0.03,-0.053,283.16,0.0,False,NO_POSITIVE_MARGINAL_EDGE
2026-10-07T17:47:05+00:00,KXBRASILEIROGAME-26OCT08FLUCFC,1.015,3,1,0.05,-0.068,1154.26,0.0,False,NO_POSITIVE_MARGINAL_EDGE
2026-10-07T17:47:05+00:00,KXUCLGAME-26OCT14MCIPSG,1.02,3,1,0.06,-0.083,6105.01,0.0,False,NO_POSITIVE_MARGINAL_EDGE
2026-10-07T17:47:05+00:00,KXUCLGAME-26OCT13VIKBMU,1.02,3,1,0.03,-0.053,172.51,0.0,False,NO_POSITIVE_MARGINAL_EDGE
2026-10-07T17:47:05+00:00,KXUCLGAME-26OCT14ROMRMA,1.02,3,1,0.06,-0.083,72.74,0.0,False,NO_POSITIVE_MARGINAL_EDGE
2026-10-07T17:47:05+00:00,KXBRASILEIROGAME-26OCT07VITCHA,1.015,3,1,0.05,-0.068,1118.26,0.0,False,NO_POSITIVE_MARGINAL_EDGE
2026-10-07T17:47:05+00:00,KXUCLGAME-26OCT14FEYCOM,1.02,3,1,0.06,-0.083,178.0,0.0,False,NO_POSITIVE_MARGINAL_EDGE
2026-10-07T17:47:05+00:00,KXMLSGAME-26OCT11STLLAG,1.02,3,1,0.06,-0.083,3393.91,0.0,False,NO_POSITIVE_MARGINAL_EDGE
2026-10-07T17:47:05+00:00,KXUCLGAME-26OCT13RCLSPO,1.02,3,1,0.06,-0.083,5255.85,0.0,False,NO_POSITIVE_MARGINAL_EDGE
2026-10-07T17:47:05+00:00,KXUCLGAME-26OCT13ATMMUN,1.02,3,1,0.06,-0.083,4225.19,0.0,False,NO_POSITIVE_MARGINAL_EDGE
2026-10-07T17:47:05+00:00,KXUCLGAME-26OCT14ASKLFC,1.02,3,1,0.04,-0.063,219.11,0.0,False,NO_POSITIVE_MARGINAL_EDGE
2026-10-07T17:47:05+00:00,KXLALIGAGAME-26OCT12LEVSEV,1.02,3,1,0.06,-0.083,1667.89,0.0,False,NO_POSITIVE_MARGINAL_EDGE
2026-10-07T17:47:05+00:00,KXNFL1H-26OCT11SFSEA,1.02,3,1,0.05,-0.073,45.44,0.0,False,NO_POSITIVE_MARGINAL_EDGE
2026-10-07T17:47:05+00:00,KXLIGAMXGAME-26OCT11ASLSLA,1.02,3,1,0.06,-0.083,2985.2,0.0,False,NO_POSITIVE_MARGINAL_EDGE
2026-10-07T17:47:05+00:00,KXNFL1H-26OCT11LVNE,1.02,3,1,0.05,-0.073,164.42,0.0,False,NO_POSITIVE_MARGINAL_EDGE
2026-10-07T17:47:05+00:00,KXLALIGAGAME-26OCT11RBBOSA,1.02,3,1,0.05,-0.073,699.39,0.0,False,NO_POSITIVE_MARGINAL_EDGE
2026-10-07T17:47:05+00:00,KXSERIEAGAME-26OCT12ATAVEN,1.02,3,1,0.05,-0.073,1156.0,0.0,False,NO_POSITIVE_MARGINAL_EDGE
2026-10-07T17:47:05+00:00,KXSERIEAGAME-26OCT11LECBFC,1.02,3,1,0.06,-0.083,1903.49,0.0,False,NO_POSITIVE_MARGINAL_EDGE
2026-10-07T17:47:05+00:00,KXEPLGAME-26OCT11LFCMCI,1.02,3,1,0.06,-0.083,406.79,0.0,False,NO_POSITIVE_MARGINAL_EDGE
2026-10-07T17:47:05+00:00,KXMLSGAME-26OCT10LAFCVAN,1.02,3,1,0.06,-0.083,30.95,0.0,False,NO_POSITIVE_MARGINAL_EDGE
2026-10-07T17:47:05+00:00,KXSERIEAGAME-26OCT11LAZMON,1.02,3,1,0.05,-0.073,2227.91,0.0,False,NO_POSITIVE_MARGINAL_EDGE
2026-10-07T17:47:05+00:00,KXLIGAMXGAME-26OCT10AMEMON,1.02,3,1,0.06,-0.083,2723.08,0.0,False,NO_POSITIVE_MARGINAL_EDGE
2026-10-07T17:47:05+00:00,KXEPLGAME-26OCT11HULEVE,1.02,3,1,0.06,-0.083,246.45,0.0,False,NO_POSITIVE_MARGINAL_EDGE
2026-10-07T17:47:05+00:00,KXMLSGAME-26OCT10SKCPOR,1.02,3,1,0.06,-0.083,6681.19,0.0,False,NO_POSITIVE_MARGINAL_EDGE
2026-10-07T17:47:05+00:00,KXSERIEAGAME-26OCT11CAGJUV,1.02,3,1,0.05,-0.073,6091.89,0.0,False,NO_POSITIVE_MARGINAL_EDGE
2026-10-07T17:47:05+00:00,KXMLSGAME-26OCT10PHIRSL,1.02,3,1,0.05,-0.073,8237.84,0.0,False,NO_POSITIVE_MARGINAL_EDGE
2026-10-07T17:47:05+00:00,KXMLSGAME-26OCT10NESEA,1.02,3,1,0.06,-0.083,7276.46,0.0,False,NO_POSITIVE_MARGINAL_EDGE
2026-10-07T17:47:05+00:00,KXLALIGAGAME-26OCT11ELCRCC,1.02,3,1,0.06,-0.083,4577.86,0.0,False,NO_POSITIVE_MARGINAL_EDGE
2026-10-07T17:47:05+00:00,KXLIGAMXGAME-26OCT10QUEALA,1.02,3,1,0.06,-0.083,1250.0,0.0,False,NO_POSITIVE_MARGINAL_EDGE
2026-10-07T17:47:05+00:00,KXMLSGAME-26OCT10ORLCLB,1.02,3,1,0.06,-0.083,8435.73,0.0,False,NO_POSITIVE_MARGINAL_EDGE
2026-10-07T17:47:05+00:00,KXMLSGAME-26OCT10ATXNSH,1.02,3,1,0.06,-0.083,7446.19,0.0,False,NO_POSITIVE_MARGINAL_EDGE
2026-10-07T17:47:05+00:00,KXLIGUE1GAME-26OCT10ASMTFC,1.02,3,1,0.06,-0.083,300.5,0.0,False,NO_POSITIVE_MARGINAL_EDGE
2026-10-07T17:47:05+00:00,KXMLSGAME-26OCT10MIADCU,1.02,3,1,0.04,-0.063,8931.68,0.0,False,NO_POSITIVE_MARGINAL_EDGE
2026-10-07T17:47:05+00:00,KXSUPERLIGGAME-26OCT10RIZFEN,1.02,3,1,0.06,-0.083,249.28,0.0,False,NO_POSITIVE_MARGINAL_EDGE
2026-10-07T17:47:05+00:00,KXLALIGAGAME-26OCT10RMAVIL,1.02,3,1,0.04,-0.063,3905.67,0.0,False,NO_POSITIVE_MARGINAL_EDGE
2026-10-07T17:47:05+00:00,KXSERIEAGAME-26OCT10INTPAR,1.02,3,1,0.03,-0.053,348.0,0.0,False,NO_POSITIVE_MARGINAL_EDGE
2026-10-07T17:47:05+00:00,KXLALIGAGAME-26OCT10BARGET,1.02,3,1,0.03,-0.053,17383.84,0.0,False,NO_POSITIVE_MARGINAL_EDGE
2026-10-07T17:47:05+00:00,KXEPLGAME-26OCT10SUNBRI,1.02,3,1,0.06,-0.083,6123.37,0.0,False,NO_POSITIVE_MARGINAL_EDGE
2026-10-07T17:47:05+00:00,KXLALIGAGAME-26OCT10ALAATM,1.02,3,1,0.06,-0.083,11963.43,0.0,False,NO_POSITIVE_MARGINAL_EDGE
2026-10-07T17:47:05+00:00,KXLALIGAGAME-26OCT10RVCATH,1.02,3,1,0.06,-0.083,59.5,0.0,False,NO_POSITIVE_MARGINAL_EDGE
2026-10-07T17:47:05+00:00,KXMLSGAME-26OCT10NYRBSD,1.02,3,1,0.06,-0.083,8889.66,0.0,False,NO_POSITIVE_MARGINAL_EDGE
2026-10-07T17:47:05+00:00,KXSERIEAGAME-26OCT10GENFIO,1.02,3,1,0.06,-0.083,264.48,0.0,False,NO_POSITIVE_MARGINAL_EDGE
2026-10-07T17:47:05+00:00,KXEPLGAME-26OCT10ARSLEE,1.02,3,1,0.05,-0.073,20263.99,0.0,False,NO_POSITIVE_MARGINAL_EDGE
2026-10-07T17:47:05+00:00,KXMLSGAME-26OCT10TORMTL,1.02,3,1,0.06,-0.083,8078.13,0.0,False,NO_POSITIVE_MARGINAL_EDGE
2026-10-07T17:47:05+00:00,KXEPLGAME-26OCT10CFCBOU,1.02,3,1,0.06,-0.083,15107.12,0.0,False,NO_POSITIVE_MARGINAL_EDGE
2026-10-07T17:47:05+00:00,KXLIGAPORTUGALGAME-26OCT09BRASPO,1.02,3,1,0.06,-0.083,0.01,0.0,False,NO_POSITIVE_MARGINAL_EDGE
2026-10-07T17:47:05+00:00,KXLIGUE1GAME-26OCT09RCLOL,1.02,3,1,0.06,-0.083,85.46,0.0,False,NO_POSITIVE_MARGINAL_EDGE
2026-10-07T17:47:05+00:00,KXLIGAMXGAME-26OCT09PUELEO,1.02,3,1,0.06,-0.083,6670.12,0.0,False,NO_POSITIVE_MARGINAL_EDGE
2026-10-07T17:47:05+00:00,KXEFLCHAMPIONSHIPGAME-26OCT09WHUQPR,1.02,3,1,0.05,-0.073,1438.95,0.0,False,NO_POSITIVE_MARGINAL_EDGE
2026-10-07T17:47:05+00:00,KXARGPREMDIVGAME-26OCT09UNIDYJ,1.02,3,1,0.06,-0.083,2127.5,0.0,False,NO_POSITIVE_MARGINAL_EDGE
2026-10-07T17:47:05+00:00,KXLALIGAGAME-26OCT09MCFESP,1.02,3,1,0.06,-0.083,390.73,0.0,False,NO_POSITIVE_MARGINAL_EDGE
2026-10-07T17:47:05+00:00,KXDIMAYORGAME-26OCT08FORMIL,1.02,3,1,0.06,-0.083,1603.0,0.0,False,NO_POSITIVE_MARGINAL_EDGE
2026-10-07T17:47:05+00:00,KXDIMAYORGAME-26OCT09OCLLA,1.02,3,1,0.05,-0.073,665.38,0.0,False,NO_POSITIVE_MARGINAL_EDGE
2026-10-07T17:47:05+00:00,KXNFL3Q-26OCT08TBDAL,1.02,3,1,0.06,-0.083,759.0,0.0,False,NO_POSITIVE_MARGINAL_EDGE
2026-10-07T17:47:05+00:00,KXNFL4Q-26OCT08TBDAL,1.02,3,1,0.05,-0.073,185.0,0.0,False,NO_POSITIVE_MARGINAL_EDGE
2026-10-07T17:47:05+00:00,KXBUNDESLIGAGAME-26OCT09BVBSVW,1.02,3,1,0.04,-0.063,722.54,0.0,False,NO_POSITIVE_MARGINAL_EDGE
2026-10-07T17:47:05+00:00,KXNFL1Q-26OCT08TBDAL,1.02,3,1,0.06,-0.083,1641.76,0.0,False,NO_POSITIVE_MARGINAL_EDGE
2026-10-07T17:47:05+00:00,KXMLBF5-26OCT072000TBNYY,1.02,3,1,0.05,-0.073,453.0,0.0,False,NO_POSITIVE_MARGINAL_EDGE
2026-10-07T17:47:05+00:00,KXWNBA1QWINNER-26OCT07NYATL,1.02,3,1,0.05,-0.073,5.0,0.0,False,NO_POSITIVE_MARGINAL_EDGE
2026-10-07T17:47:05+00:00,KXBRASILEIROBGAME-26OCT07VINCUI,1.02,3,1,0.06,-0.083,1584.63,0.0,False,NO_POSITIVE_MARGINAL_EDGE
2026-10-07T17:47:05+00:00,KXELITESERIENGAME-26OCT09SKBVIK,1.02,3,1,0.06,-0.083,42.13,0.0,False,NO_POSITIVE_MARGINAL_EDGE
2026-10-07T17:47:05+00:00,KXMLBF3-26OCT072000TBNYY,1.02,3,1,0.06,-0.083,688.0,0.0,False,NO_POSITIVE_MARGINAL_EDGE
2026-10-07T17:47:05+00:00,KXBRASILEIROBGAME-26OCT08NAUGRN,1.02,3,1,0.06,-0.083,200.67,0.0,False,NO_POSITIVE_MARGINAL_EDGE
2026-10-07T17:47:05+00:00,KXBRASILEIROBGAME-26OCT07FERBOT,1.02,3,1,0.06,-0.083,1276.21,0.0,False,NO_POSITIVE_MARGINAL_EDGE
2026-10-07T17:47:05+00:00,KXBRASILEIROBGAME-26OCT07BRAGOI,1.02,3,1,0.06,-0.083,770.57,0.0,False,NO_POSITIVE_MARGINAL_EDGE
2026-10-07T17:47:05+00:00,KXMLBINNINGWIN-26OCT071800LADATL-9,1.02,3,1,0.05,-0.073,19.0,0.0,False,NO_POSITIVE_MARGINAL_EDGE
2026-10-07T17:47:05+00:00,KXCANPLGAME-26OCT07FORPAC,1.02,3,1,0.04,-0.063,2464.87,0.0,False,NO_POSITIVE_MARGINAL_EDGE
2026-10-07T17:47:05+00:00,KXMLBF7-26OCT071600CLECWS,1.02,3,1,0.05,-0.073,200.0,0.0,False,NO_POSITIVE_MARGINAL_EDGE
2026-10-07T17:47:05+00:00,KXMLBF3-26OCT071800LADATL,1.02,3,1,0.06,-0.083,709.0,0.0,False,NO_POSITIVE_MARGINAL_EDGE
2026-10-07T17:47:05+00:00,KXMLBF5-26OCT071600CLECWS,1.02,3,1,0.05,-0.073,8576.9,0.0,False,NO_POSITIVE_MARGINAL_EDGE
2026-10-07T17:58:58+00:00,KXNFL1H-26OCT08TBDAL,1.0,3,1,0.05,-0.053,1379.78,0.0,False,NO_POSITIVE_MARGINAL_EDGE
2026-10-07T17:58:58+00:00,KXMLBF5-26OCT072200MILSD,1.01,3,1,0.05,-0.063,1088.0,0.0,False,NO_POSITIVE_MARGINAL_EDGE
2026-10-07T17:58:58+00:00,KXVLEAGUE1GAME-26OCT08VIEHON,1.0,3,1,0.05,-0.053,457.66,0.0,False,NO_POSITIVE_MARGINAL_EDGE
2026-10-07T17:58:58+00:00,KXNFL2H-26OCT08TBDAL,1.0,3,1,0.05,-0.053,450.0,0.0,False,NO_POSITIVE_MARGINAL_EDGE
2026-10-07T17:58:58+00:00,KXLIGAMXGAME-26OCT10JUATIJ,1.0,3,1,0.06,-0.063,311.0,0.0,False,NO_POSITIVE_MARGINAL_EDGE
2026-10-07T17:58:58+00:00,KXDIMAYORGAME-26OCT07CANTOL,1.0,3,1,0.05,-0.053,662.0,0.0,False,NO_POSITIVE_MARGINAL_EDGE
2026-10-07T17:58:58+00:00,KXWNBA1HWINNER-26OCT07NYATL,1.0,3,1,0.05,-0.053,327.0,0.0,False,NO_POSITIVE_MARGINAL_EDGE
2026-10-07T17:58:58+00:00,KXLALIGAGAME-26OCT11RSODEP,1.01,3,1,0.06,-0.073,5.42,0.0,False,NO_POSITIVE_MARGINAL_EDGE
2026-10-07T17:58:58+00:00,KXEPLGAME-26OCT17MCIIPS,1.01,3,1,0.04,-0.053,91.82,0.0,False,NO_POSITIVE_MARGINAL_EDGE
2026-10-07T17:58:58+00:00,KXUCLGAME-26OCT14BOGBVB,1.01,3,1,0.06,-0.073,253.73,0.0,False,NO_POSITIVE_MARGINAL_EDGE
2026-10-07T17:58:58+00:00,KXEPLGAME-26OCT11CRYNFO,1.01,3,1,0.06,-0.073,83.15,0.0,False,NO_POSITIVE_MARGINAL_EDGE
2026-10-07T17:58:58+00:00,KXARGPREMDIVGAME-26OCT10RIVRCU,1.01,3,1,0.04,-0.053,662.0,0.0,False,NO_POSITIVE_MARGINAL_EDGE
2026-10-07T17:58:58+00:00,KXUCLGAME-26OCT13ARSLIL,1.01,3,1,0.04,-0.053,6242.27,0.0,False,NO_POSITIVE_MARGINAL_EDGE
2026-10-07T17:58:58+00:00,KXSERIEAGAME-26OCT11SASACM,1.01,3,1,0.06,-0.073,2463.19,0.0,False,NO_POSITIVE_MARGINAL_EDGE
2026-10-07T17:58:58+00:00,KXNFLWINMARGIN-26OCT08TBDAL,0.99,7,1,0.09,-0.087,116.0,0.0,False,NO_POSITIVE_MARGINAL_EDGE
2026-10-07T17:58:58+00:00,KXSERIEAGAME-26OCT11COMROM,1.01,3,1,0.06,-0.073,46.62,0.0,False,NO_POSITIVE_MARGINAL_EDGE
2026-10-07T17:58:58+00:00,KXSERIEAGAME-26OCT10NAPFRO,1.01,3,1,0.05,-0.063,557.17,0.0,False,NO_POSITIVE_MARGINAL_EDGE
2026-10-07T17:58:58+00:00,KXELITESERIENGAME-26OCT10BOGKBK,1.01,3,1,0.03,-0.043,200.0,0.0,False,NO_POSITIVE_MARGINAL_EDGE
2026-10-07T17:58:58+00:00,KXEFLCHAMPIONSHIPGAME-26OCT10DERWRE,1.01,3,1,0.06,-0.073,420.67,0.0,False,NO_POSITIVE_MARGINAL_EDGE
2026-10-07T17:58:58+00:00,KXMLSGAME-26OCT10CHINYC,1.01,3,1,0.06,-0.073,418.0,0.0,False,NO_POSITIVE_MARGINAL_EDGE
2026-10-07T17:58:58+00:00,KXARGPREMDIVGAME-26OCT09IACCBOC,1.02,3,1,0.06,-0.083,1875.21,0.0,False,NO_POSITIVE_MARGINAL_EDGE
2026-10-07T17:58:58+00:00,KXSUPERLIGGAME-26OCT10SAMTRA,1.01,3,1,0.06,-0.073,0.02,0.0,False,NO_POSITIVE_MARGINAL_EDGE
2026-10-07T17:58:58+00:00,KXEFLCHAMPIONSHIPGAME-26OCT10SWANOR,1.01,3,1,0.06,-0.073,23.73,0.0,False,NO_POSITIVE_MARGINAL_EDGE
2026-10-07T17:58:58+00:00,KXSUPERLIGGAME-26OCT09GALKAS,1.02,3,1,0.04,-0.063,982.82,0.0,False,NO_POSITIVE_MARGINAL_EDGE
2026-10-07T17:58:58+00:00,KXLIGUE1GAME-26OCT10PSGMAN,1.01,3,1,0.03,-0.043,352.22,0.0,False,NO_POSITIVE_MARGINAL_EDGE
2026-10-07T17:58:58+00:00,KXBUNDESLIGAGAME-26OCT10PADVFB,1.01,3,1,0.06,-0.073,174.5,0.0,False,NO_POSITIVE_MARGINAL_EDGE
2026-10-07T17:58:58+00:00,KXEREDIVISIEGAME-26OCT09PSVHEE,1.01,3,1,0.04,-0.053,0.08,0.0,False,NO_POSITIVE_MARGINAL_EDGE
2026-10-07T17:58:58+00:00,KXBUNDESLIGA2GAME-26OCT09FCHFCK,1.01,3,1,0.06,-0.073,0.02,0.0,False,NO_POSITIVE_MARGINAL_EDGE
2026-10-07T17:58:58+00:00,KXCRITICSSCORE-27,0.97,16,1,0.17,-0.156,1.0,0.0,False,NO_POSITIVE_MARGINAL_EDGE
2026-10-07T17:58:58+00:00,KXFIFAWGAME-26OCT09BLRITA,1.01,3,1,0.03,-0.043,1.0,0.0,False,NO_POSITIVE_MARGINAL_EDGE
2026-10-07T17:58:58+00:00,KXSAUDIPLGAME-26OCT09AKHQAD,1.01,3,1,0.06,-0.073,27.0,0.0,False,NO_POSITIVE_MARGINAL_EDGE
2026-10-07T17:58:58+00:00,KXBRASILEIROGAME-26OCT08CAPATL,1.01,3,1,0.06,-0.073,240.63,0.0,False,NO_POSITIVE_MARGINAL_EDGE
2026-10-07T17:58:58+00:00,KXBRASILEIROBGAME-26OCT08CEACRI,1.01,3,1,0.06,-0.073,363.0,0.0,False,NO_POSITIVE_MARGINAL_EDGE
2026-10-07T17:58:58+00:00,KXJLEAGUEGAME-26OCT09REYVIK,1.01,3,1,0.06,-0.073,264.01,0.0,False,NO_POSITIVE_MARGINAL_EDGE
2026-10-07T17:58:58+00:00,KXLIGAEXPGAME-26OCT08ADOCOR,1.0,3,1,0.06,-0.063,534.0,0.0,False,NO_POSITIVE_MARGINAL_EDGE
2026-10-07T17:58:58+00:00,KXBRASILEIROGAME-26OCT07RBBMIR,1.01,3,1,0.06,-0.073,83.93,0.0,False,NO_POSITIVE_MARGINAL_EDGE
2026-10-07T17:58:58+00:00,KXWNBA1HWINNER-26OCT07LVGS,1.01,3,1,0.05,-0.063,524.0,0.0,False,NO_POSITIVE_MARGINAL_EDGE
2026-10-07T17:58:58+00:00,KXMLBINNINGWIN-26OCT071800LADATL-1,1.01,3,1,0.06,-0.073,8.97,0.0,False,NO_POSITIVE_MARGINAL_EDGE
2026-10-07T17:58:58+00:00,KXPERLIGA1GAME-26OCT08CAGCHA,1.01,3,1,0.06,-0.073,130.71,0.0,False,NO_POSITIVE_MARGINAL_EDGE
2026-10-07T17:58:58+00:00,KXBRASILEIROGAME-26OCT07CRGPA,1.01,3,1,0.06,-0.073,64.0,0.0,False,NO_POSITIVE_MARGINAL_EDGE
2026-10-07T17:58:58+00:00,KXBRASILEIROBGAME-26OCT07AMGFOR,1.01,3,1,0.06,-0.073,481.38,0.0,False,NO_POSITIVE_MARGINAL_EDGE
2026-10-07T17:58:58+00:00,KXBRASILEIROGAME-26OCT08PALBAH,1.015,3,1,0.05,-0.068,4035.9,0.0,False,NO_POSITIVE_MARGINAL_EDGE
2026-10-07T17:58:58+00:00,KXBRASILEIROBGAME-26OCT07AVALON,1.0,3,1,0.06,-0.063,550.57,0.0,False,NO_POSITIVE_MARGINAL_EDGE
2026-10-07T17:58:58+00:00,KXMLBF3-26OCT071600CLECWS,1.02,3,1,0.06,-0.083,489.47,0.0,False,NO_POSITIVE_MARGINAL_EDGE
2026-10-07T17:58:58+00:00,KXBRASILEIROGAME-26OCT08SANFLA,1.015,3,1,0.06,-0.078,535.3,0.0,False,NO_POSITIVE_MARGINAL_EDGE
2026-10-07T17:58:58+00:00,KXBRASILEIROGAME-26OCT07BOTVDG,1.015,3,1,0.06,-0.078,492.77,0.0,False,NO_POSITIVE_MARGINAL_EDGE
2026-10-07T17:58:58+00:00,KXUCLGAME-26OCT14ROMRMA,1.02,3,1,0.06,-0.083,92.64,0.0,False,NO_POSITIVE_MARGINAL_EDGE
2026-10-07T17:58:58+00:00,KXBRASILEIROGAME-26OCT07INTCOR,1.015,3,1,0.06,-0.078,3863.38,0.0,False,NO_POSITIVE_MARGINAL_EDGE
2026-10-07T17:58:58+00:00,KXBRASILEIROGAME-26OCT07CRUSPA,1.01,3,1,0.06,-0.073,852.56,0.0,False,NO_POSITIVE_MARGINAL_EDGE
2026-10-07T17:58:58+00:00,KXUCLGAME-26OCT14MCIPSG,1.02,3,1,0.06,-0.083,6105.01,0.0,False,NO_POSITIVE_MARGINAL_EDGE
2026-10-07T17:58:58+00:00,KXUCLGAME-26OCT14FEYCOM,1.02,3,1,0.06,-0.083,178.0,0.0,False,NO_POSITIVE_MARGINAL_EDGE
2026-10-07T17:58:58+00:00,KXEPLGAME-26OCT18NFOARS,1.02,3,1,0.05,-0.073,82.65,0.0,False,NO_POSITIVE_MARGINAL_EDGE
2026-10-07T17:58:58+00:00,KXUCLGAME-26OCT13VIKBMU,1.02,3,1,0.03,-0.053,172.51,0.0,False,NO_POSITIVE_MARGINAL_EDGE
2026-10-07T17:58:58+00:00,KXUCLGAME-26OCT13RCLSPO,1.02,3,1,0.06,-0.083,5255.85,0.0,False,NO_POSITIVE_MARGINAL_EDGE
2026-10-07T17:58:58+00:00,KXUECLGAME-26OCT15BRIKAZ,1.02,3,1,0.03,-0.053,283.16,0.0,False,NO_POSITIVE_MARGINAL_EDGE
2026-10-07T17:58:58+00:00,KXLALIGAGAME-26OCT12LEVSEV,1.02,3,1,0.06,-0.083,1667.89,0.0,False,NO_POSITIVE_MARGINAL_EDGE
2026-10-07T17:58:58+00:00,KXUCLGAME-26OCT14ASKLFC,1.02,3,1,0.04,-0.063,219.11,0.0,False,NO_POSITIVE_MARGINAL_EDGE
2026-10-07T17:58:58+00:00,KXUCLGAME-26OCT13ATMMUN,1.02,3,1,0.06,-0.083,4225.19,0.0,False,NO_POSITIVE_MARGINAL_EDGE
2026-10-07T17:58:58+00:00,KXBRASILEIROGAME-26OCT07VITCHA,1.005,3,1,0.05,-0.058,592.64,0.0,False,NO_POSITIVE_MARGINAL_EDGE
2026-10-07T17:58:58+00:00,KXNFL1H-26OCT11LVNE,1.02,3,1,0.05,-0.073,164.42,0.0,False,NO_POSITIVE_MARGINAL_EDGE
2026-10-07T17:58:58+00:00,KXMLSGAME-26OCT11STLLAG,1.02,3,1,0.06,-0.083,3393.91,0.0,False,NO_POSITIVE_MARGINAL_EDGE
2026-10-07T17:58:58+00:00,KXLIGAMXGAME-26OCT11ASLSLA,1.02,3,1,0.06,-0.083,2985.2,0.0,False,NO_POSITIVE_MARGINAL_EDGE
2026-10-07T17:58:58+00:00,KXNFL1H-26OCT11SFSEA,1.02,3,1,0.05,-0.073,307.04,0.0,False,NO_POSITIVE_MARGINAL_EDGE
2026-10-07T17:58:58+00:00,KXBRASILEIROGAME-26OCT08FLUCFC,1.015,3,1,0.05,-0.068,1154.26,0.0,False,NO_POSITIVE_MARGINAL_EDGE
2026-10-07T17:58:58+00:00,KXLALIGAGAME-26OCT11RBBOSA,1.02,3,1,0.05,-0.073,699.39,0.0,False,NO_POSITIVE_MARGINAL_EDGE
2026-10-07T17:58:58+00:00,KXSERIEAGAME-26OCT12ATAVEN,1.02,3,1,0.05,-0.073,1156.0,0.0,False,NO_POSITIVE_MARGINAL_EDGE
2026-10-07T17:58:58+00:00,KXEPLGAME-26OCT11HULEVE,1.02,3,1,0.06,-0.083,315.4,0.0,False,NO_POSITIVE_MARGINAL_EDGE
2026-10-07T17:58:58+00:00,KXEPLGAME-26OCT11LFCMCI,1.02,3,1,0.06,-0.083,950.76,0.0,False,NO_POSITIVE_MARGINAL_EDGE
2026-10-07T17:58:58+00:00,KXSERIEAGAME-26OCT11CAGJUV,1.02,3,1,0.05,-0.073,6091.89,0.0,False,NO_POSITIVE_MARGINAL_EDGE
2026-10-07T17:58:58+00:00,KXLALIGAGAME-26OCT11ELCRCC,1.02,3,1,0.06,-0.083,4577.86,0.0,False,NO_POSITIVE_MARGINAL_EDGE
2026-10-07T17:58:58+00:00,KXMLSGAME-26OCT10ATXNSH,1.02,3,1,0.06,-0.083,7446.19,0.0,False,NO_POSITIVE_MARGINAL_EDGE
2026-10-07T17:58:58+00:00,KXSERIEAGAME-26OCT11LAZMON,1.02,3,1,0.05,-0.073,2227.91,0.0,False,NO_POSITIVE_MARGINAL_EDGE
2026-10-07T17:58:58+00:00,KXSERIEAGAME-26OCT11LECBFC,1.02,3,1,0.06,-0.083,1903.49,0.0,False,NO_POSITIVE_MARGINAL_EDGE
2026-10-07T17:58:58+00:00,KXLIGAMXGAME-26OCT10AMEMON,1.02,3,1,0.06,-0.083,2723.08,0.0,False,NO_POSITIVE_MARGINAL_EDGE
2026-10-07T17:58:58+00:00,KXLIGAMXGAME-26OCT10QUEALA,1.02,3,1,0.06,-0.083,1250.0,0.0,False,NO_POSITIVE_MARGINAL_EDGE
2026-10-07T17:58:58+00:00,KXMLSGAME-26OCT10LAFCVAN,1.02,3,1,0.06,-0.083,30.95,0.0,False,NO_POSITIVE_MARGINAL_EDGE
2026-10-07T17:58:58+00:00,KXMLSGAME-26OCT10MIADCU,1.02,3,1,0.04,-0.063,8931.68,0.0,False,NO_POSITIVE_MARGINAL_EDGE
2026-10-07T17:58:58+00:00,KXMLSGAME-26OCT10SKCPOR,1.02,3,1,0.06,-0.083,6681.19,0.0,False,NO_POSITIVE_MARGINAL_EDGE
2026-10-07T17:58:58+00:00,KXMLSGAME-26OCT10NESEA,1.02,3,1,0.06,-0.083,7276.46,0.0,False,NO_POSITIVE_MARGINAL_EDGE
2026-10-07T17:58:58+00:00,KXLALIGAGAME-26OCT10BARGET,1.02,3,1,0.03,-0.053,17383.84,0.0,False,NO_POSITIVE_MARGINAL_EDGE
2026-10-07T17:58:58+00:00,KXMLSGAME-26OCT10NYRBSD,1.02,3,1,0.06,-0.083,8889.66,0.0,False,NO_POSITIVE_MARGINAL_EDGE
2026-10-07T17:58:58+00:00,KXMLSGAME-26OCT10TORMTL,1.02,3,1,0.06,-0.083,8078.13,0.0,False,NO_POSITIVE_MARGINAL_EDGE
2026-10-07T17:58:58+00:00,KXLALIGAGAME-26OCT10ALAATM,1.02,3,1,0.06,-0.083,11952.84,0.0,False,NO_POSITIVE_MARGINAL_EDGE
2026-10-07T17:58:58+00:00,KXLIGUE1GAME-26OCT10ASMTFC,1.02,3,1,0.06,-0.083,300.5,0.0,False,NO_POSITIVE_MARGINAL_EDGE
2026-10-07T17:58:58+00:00,KXMLSGAME-26OCT10ORLCLB,1.02,3,1,0.06,-0.083,8435.73,0.0,False,NO_POSITIVE_MARGINAL_EDGE
2026-10-07T17:58:58+00:00,KXLALIGAGAME-26OCT10RMAVIL,1.02,3,1,0.04,-0.063,3905.67,0.0,False,NO_POSITIVE_MARGINAL_EDGE
2026-10-07T17:58:58+00:00,KXMLSGAME-26OCT10PHIRSL,1.02,3,1,0.05,-0.073,8237.84,0.0,False,NO_POSITIVE_MARGINAL_EDGE
2026-10-07T17:58:58+00:00,KXSUPERLIGGAME-26OCT10RIZFEN,1.02,3,1,0.06,-0.083,249.28,0.0,False,NO_POSITIVE_MARGINAL_EDGE
2026-10-07T17:58:58+00:00,KXEPLGAME-26OCT10SUNBRI,1.02,3,1,0.06,-0.083,6006.47,0.0,False,NO_POSITIVE_MARGINAL_EDGE
2026-10-07T17:58:58+00:00,KXSERIEAGAME-26OCT10GENFIO,1.02,3,1,0.06,-0.083,264.48,0.0,False,NO_POSITIVE_MARGINAL_EDGE
2026-10-07T17:58:58+00:00,KXARGPREMDIVGAME-26OCT09UNIDYJ,1.02,3,1,0.06,-0.083,2127.5,0.0,False,NO_POSITIVE_MARGINAL_EDGE
2026-10-07T17:58:58+00:00,KXLIGAPORTUGALGAME-26OCT09BRASPO,1.02,3,1,0.06,-0.083,0.01,0.0,False,NO_POSITIVE_MARGINAL_EDGE
2026-10-07T17:58:58+00:00,KXLALIGAGAME-26OCT10RVCATH,1.02,3,1,0.06,-0.083,59.5,0.0,False,NO_POSITIVE_MARGINAL_EDGE
2026-10-07T17:58:58+00:00,KXEPLGAME-26OCT10ARSLEE,1.02,3,1,0.05,-0.073,18926.19,0.0,False,NO_POSITIVE_MARGINAL_EDGE
2026-10-07T17:58:58+00:00,KXLIGAMXGAME-26OCT09PUELEO,1.02,3,1,0.06,-0.083,6670.12,0.0,False,NO_POSITIVE_MARGINAL_EDGE
2026-10-07T17:58:58+00:00,KXSERIEAGAME-26OCT10INTPAR,1.02,3,1,0.03,-0.053,348.0,0.0,False,NO_POSITIVE_MARGINAL_EDGE
2026-10-07T17:58:58+00:00,KXDIMAYORGAME-26OCT09OCLLA,1.02,3,1,0.05,-0.073,665.38,0.0,False,NO_POSITIVE_MARGINAL_EDGE
2026-10-07T17:58:58+00:00,KXLIGUE1GAME-26OCT09RCLOL,1.02,3,1,0.06,-0.083,85.46,0.0,False,NO_POSITIVE_MARGINAL_EDGE
2026-10-07T17:58:58+00:00,KXBUNDESLIGAGAME-26OCT09BVBSVW,1.02,3,1,0.04,-0.063,723.54,0.0,False,NO_POSITIVE_MARGINAL_EDGE
2026-10-07T17:58:58+00:00,KXEPLGAME-26OCT10CFCBOU,1.02,3,1,0.06,-0.083,15130.12,0.0,False,NO_POSITIVE_MARGINAL_EDGE
2026-10-07T17:58:58+00:00,KXDIMAYORGAME-26OCT08FORMIL,1.02,3,1,0.06,-0.083,1603.0,0.0,False,NO_POSITIVE_MARGINAL_EDGE
2026-10-07T17:58:58+00:00,KXEFLCHAMPIONSHIPGAME-26OCT09WHUQPR,1.02,3,1,0.05,-0.073,1438.95,0.0,False,NO_POSITIVE_MARGINAL_EDGE
2026-10-07T17:58:58+00:00,KXLALIGAGAME-26OCT09MCFESP,1.02,3,1,0.06,-0.083,234.73,0.0,False,NO_POSITIVE_MARGINAL_EDGE
2026-10-07T17:58:58+00:00,KXNFL3Q-26OCT08TBDAL,1.01,3,1,0.06,-0.073,1449.0,0.0,False,NO_POSITIVE_MARGINAL_EDGE
2026-10-07T17:58:58+00:00,KXNFL4Q-26OCT08TBDAL,1.02,3,1,0.05,-0.073,274.12,0.0,False,NO_POSITIVE_MARGINAL_EDGE
2026-10-07T17:58:58+00:00,KXWNBA1QWINNER-26OCT07NYATL,1.02,3,1,0.05,-0.073,5.0,0.0,False,NO_POSITIVE_MARGINAL_EDGE
2026-10-07T17:58:58+00:00,KXELITESERIENGAME-26OCT09SKBVIK,1.02,3,1,0.06,-0.083,42.13,0.0,False,NO_POSITIVE_MARGINAL_EDGE
2026-10-07T17:58:58+00:00,KXBRASILEIROBGAME-26OCT08NAUGRN,1.02,3,1,0.06,-0.083,200.67,0.0,False,NO_POSITIVE_MARGINAL_EDGE
2026-10-07T17:58:58+00:00,KXMLBF3-26OCT072000TBNYY,1.02,3,1,0.06,-0.083,688.0,0.0,False,NO_POSITIVE_MARGINAL_EDGE
2026-10-07T17:58:58+00:00,KXMLBF5-26OCT072000TBNYY,1.02,3,1,0.05,-0.073,454.0,0.0,False,NO_POSITIVE_MARGINAL_EDGE
2026-10-07T17:58:58+00:00,KXBRASILEIROBGAME-26OCT07VINCUI,1.02,3,1,0.06,-0.083,1552.48,0.0,False,NO_POSITIVE_MARGINAL_EDGE
2026-10-07T17:58:58+00:00,KXCANPLGAME-26OCT07FORPAC,1.02,3,1,0.04,-0.063,2464.87,0.0,False,NO_POSITIVE_MARGINAL_EDGE
2026-10-07T17:58:58+00:00,KXNFL1Q-26OCT08TBDAL,1.02,3,1,0.06,-0.083,3161.76,0.0,False,NO_POSITIVE_MARGINAL_EDGE
2026-10-07T17:58:58+00:00,KXBRASILEIROBGAME-26OCT07BRAGOI,1.02,3,1,0.06,-0.083,770.29,0.0,False,NO_POSITIVE_MARGINAL_EDGE
2026-10-07T17:58:58+00:00,KXMLBINNINGWIN-26OCT071800LADATL-9,1.02,3,1,0.05,-0.073,19.0,0.0,False,NO_POSITIVE_MARGINAL_EDGE
2026-10-07T17:58:58+00:00,KXMLBF5-26OCT071600CLECWS,1.02,3,1,0.05,-0.073,9323.22,0.0,False,NO_POSITIVE_MARGINAL_EDGE
2026-10-07T17:58:58+00:00,KXBRASILEIROBGAME-26OCT07FERBOT,1.02,3,1,0.06,-0.083,1276.21,0.0,False,NO_POSITIVE_MARGINAL_EDGE
2026-10-07T17:58:58+00:00,KXMLBF7-26OCT071600CLECWS,1.01,3,1,0.05,-0.063,200.0,0.0,False,NO_POSITIVE_MARGINAL_EDGE
2026-10-07T17:58:58+00:00,KXMLBF3-26OCT071800LADATL,1.02,3,1,0.06,-0.083,1262.98,0.0,False,NO_POSITIVE_MARGINAL_EDGE
2026-10-07T17:58:58+00:00,KXBUNDESLIGAGAME-26OCT10FCABMU,1.02,3,1,0.03,-0.053,45.0,0.0,False,NO_POSITIVE_MARGINAL_EDGE
2026-10-07T17:58:58+00:00,KXNFL1H-26OCT11CHIGB,1.01,3,1,0.05,-0.063,124.0,0.0,False,NO_POSITIVE_MARGINAL_EDGE
2026-10-07T17:58:58+00:00,KXMLBINNINGWIN-26OCT072000TBNYY-1,1.01,3,1,0.06,-0.073,25.0,0.0,False,NO_POSITIVE_MARGINAL_EDGE
2026-10-07T17:58:58+00:00,KXFIFAWGAME-26OCT09KAZIRL,1.02,3,1,0.03,-0.053,5.0,0.0,False,NO_POSITIVE_MARGINAL_EDGE
