timestamp,strategy,ok,error,events_seen,candidates,evaluated,timeouts,errors,opportunities,net_positive,executable,paper_opened,paper_settled,t_books_s,t_total_s
2026-10-07T23:09:56+00:00,strike_inconsistency,1,,13723,150,150,0,0,150,0,0,0,0,14.02,16.06
2026-10-07T23:27:28+00:00,strike_inconsistency,1,,13733,150,150,0,0,149,0,0,0,0,14.02,16.54
2026-10-07T23:43:57+00:00,strike_inconsistency,1,,13741,150,150,0,0,148,0,0,0,0,14.03,16.56
2026-10-07T23:56:24+00:00,strike_inconsistency,1,,13737,150,150,0,0,149,0,0,0,0,14.06,15.84
2026-10-08T00:16:56+00:00,strike_inconsistency,1,,13897,150,150,0,0,150,0,0,0,0,14.04,16.11
2026-10-08T00:53:33+00:00,strike_inconsistency,1,,14090,150,150,0,0,148,0,0,0,0,14.03,16.34
2026-10-08T01:14:34+00:00,strike_inconsistency,1,,14174,150,150,0,0,141,0,0,0,0,14.03,16.08
2026-10-08T01:34:59+00:00,strike_inconsistency,1,,14101,150,150,0,0,149,0,0,0,0,14.03,16.56
2026-10-08T01:58:20+00:00,strike_inconsistency,1,,14096,150,150,0,0,149,0,0,0,0,14.08,16.63
2026-10-08T02:16:03+00:00,strike_inconsistency,1,,14105,150,150,0,0,149,0,0,0,0,14.08,16.58
2026-10-08T02:33:39+00:00,strike_inconsistency,1,,14099,150,150,0,0,145,0,0,0,0,14.04,16.17
2026-10-08T02:56:55+00:00,strike_inconsistency,1,,14065,150,150,0,0,149,0,0,0,0,14.03,15.8
2026-10-08T03:13:14+00:00,strike_inconsistency,1,,14085,150,150,0,0,149,0,0,0,0,14.02,16.5
2026-10-08T03:34:17+00:00,strike_inconsistency,1,,14057,150,150,0,0,149,0,0,0,0,14.03,16.44
2026-10-08T03:58:53+00:00,strike_inconsistency,1,,14047,150,150,0,0,141,0,0,0,0,14.05,16.54
2026-10-08T04:18:43+00:00,strike_inconsistency,1,,14039,150,150,0,0,149,0,0,0,0,14.05,16.06
2026-10-08T04:46:13+00:00,strike_inconsistency,1,,14143,150,150,0,0,150,0,0,0,0,14.07,16.49
2026-10-08T05:01:47+00:00,strike_inconsistency,1,,14100,150,150,0,0,148,0,0,0,0,14.07,15.3
2026-10-08T05:31:27+00:00,strike_inconsistency,1,,14110,150,150,0,0,149,0,0,0,0,14.07,15.89
2026-10-08T05:58:13+00:00,strike_inconsistency,1,,14108,150,150,0,0,149,0,0,0,0,14.03,16.24
2026-10-08T06:21:19+00:00,strike_inconsistency,1,,14083,150,150,0,0,147,0,0,0,0,14.04,16.27
2026-10-08T06:52:17+00:00,strike_inconsistency,1,,14075,150,150,0,0,144,0,0,0,0,14.03,15.61
